Workbook

Sheet Sheet1
B2: 44056 | D2: 19ZI700 | E2: 19VI700 | F2: 19VI701 | G2: 19VI702 | H2: 19ZI701 | I2: 19VI703 | K2: 44056 | M2: 19ZI700 | N2: 19VI700 | O2: 19VI701 | P2: 19VI702 | Q2: 19ZI701 | R2: 19VI703
B3: 44057 | C3: {=_xll.PISampDat(Sheet1!$D$2,Sheet1!$B$2,Sheet1!$B$3,"1m",1,"")} -> 44056 | D3: -0.29948622 | E3: {=_xll.PISampDat(Sheet1!$E$2,Sheet1!$B$2,Sheet1!$B$3,"1m",0,"")} -> 19.626547 | F3: {=_xll.PISampDat(Sheet1!$F$2,Sheet1!$B$2,Sheet1!$B$3,"1m",0,"")} -> 12.68497 | G3: {=_xll.PISampDat(Sheet1!$G$2,Sheet1!$B$2,Sheet1!$B$3,"1m",0,"")} -> 28.522749 | H3: {=_xll.PISampDat(Sheet1!$H$2,Sheet1!$B$2,Sheet1!$B$3,"1m",0,"")} -> 0.3645876 | I3: {=_xll.PISampDat(Sheet1!$I$2,Sheet1!$B$2,Sheet1!$B$3,"1m",0,"")} -> 30.370327 | K3: 44057 | L3: 44056 | M3: -0.29948622 | N3: 19.626547 | O3: 12.68497 | P3: 28.522749 | Q3: 0.3645876 | R3: 30.370327
C4: 44056.001 | D4: -0.29948494 | E4: 19.626486 | F4: 12.684593 | G4: 28.526224 | H4: 0.36459079 | I4: 30.027319 | L4: 44056.001 | M4: -0.29948494 | N4: 19.626486 | O4: 12.684593 | P4: 28.526224 | Q4: 0.36459079 | R4: 30.027319
C5: 44056.001 | D5: -0.29948363 | E5: 19.626427 | F5: 12.684216 | G5: 28.529697 | H5: 0.36459401 | I5: 29.737408 | L5: 44056.001 | M5: -0.29948363 | N5: 19.626427 | O5: 12.684216 | P5: 28.529697 | Q5: 0.36459401 | R5: 29.737408
C6: 44056.002 | D6: -0.29948235 | E6: 19.626368 | F6: 12.68384 | G6: 28.533173 | H6: 0.3645972 | I6: 29.88916 | L6: 44056.002 | M6: -0.29948235 | N6: 19.626368 | O6: 12.68384 | P6: 28.533173 | Q6: 0.3645972 | R6: 29.88916
C7: 44056.003 | D7: -0.29948106 | E7: 19.626308 | F7: 12.683463 | G7: 28.536646 | H7: 0.36460042 | I7: 30.040911 | L7: 44056.003 | M7: -0.29948106 | N7: 19.626308 | O7: 12.683463 | P7: 28.536646 | Q7: 0.36460042 | R7: 30.040911
C8: 44056.003 | D8: -0.29947978 | E8: 19.626249 | F8: 12.683087 | G8: 28.540119 | H8: 0.36460361 | I8: 30.192663 | L8: 44056.003 | M8: -0.29947978 | N8: 19.626249 | O8: 12.683087 | P8: 28.540119 | Q8: 0.36460361 | R8: 30.192663
C9: 44056.004 | D9: -0.2994785 | E9: 19.62619 | F9: 12.682711 | G9: 28.543594 | H9: 0.3646068 | I9: 30.344414 | L9: 44056.004 | M9: -0.2994785 | N9: 19.62619 | O9: 12.682711 | P9: 28.543594 | Q9: 0.3646068 | R9: 30.344414
C10: 44056.005 | D10: -0.29947722 | E10: 19.626131 | F10: 12.682334 | G10: 28.547068 | H10: 0.36461002 | I10: 30.260622 | L10: 44056.005 | M10: -0.29947722 | N10: 19.626131 | O10: 12.682334 | P10: 28.547068 | Q10: 0.36461002 | R10: 30.260622
C11: 44056.006 | D11: -0.29947591 | E11: 19.626072 | F11: 12.681957 | G11: 28.550543 | H11: 0.36461321 | I11: 30.024363 | L11: 44056.006 | M11: -0.29947591 | N11: 19.626072 | O11: 12.681957 | P11: 28.550543 | Q11: 0.36461321 | R11: 30.024363
C12: 44056.006 | D12: -0.29947463 | E12: 19.626013 | F12: 12.681581 | G12: 28.554016 | H12: 0.36461642 | I12: 29.788101 | L12: 44056.006 | M12: -0.29947463 | N12: 19.626013 | O12: 12.681581 | P12: 28.554016 | Q12: 0.36461642 | R12: 29.788101
C13: 44056.007 | D13: -0.29947335 | E13: 19.625954 | F13: 12.681205 | G13: 28.557489 | H13: 0.36461961 | I13: 29.763458 | L13: 44056.007 | M13: -0.29947335 | N13: 19.625954 | O13: 12.681205 | P13: 28.557489 | Q13: 0.36461961 | R13: 29.763458
C14: 44056.008 | D14: -0.29947206 | E14: 19.625895 | F14: 12.680828 | G14: 28.560965 | H14: 0.36462283 | I14: 30.007439 | L14: 44056.008 | M14: -0.29947206 | N14: 19.625895 | O14: 12.680828 | P14: 28.560965 | Q14: 0.36462283 | R14: 30.007439
C15: 44056.008 | D15: -0.29947078 | E15: 19.625835 | F15: 12.680451 | G15: 28.564438 | H15: 0.36462602 | I15: 30.251421 | L15: 44056.008 | M15: -0.29947078 | N15: 19.625835 | O15: 12.680451 | P15: 28.564438 | Q15: 0.36462602 | R15: 30.251421
... C1443: 44057 | D1443: -0.29848474 | E1443: 19.417206 | F1443: 12.226541 | G1443: 26.597881 | H1443: 0.36157197 | I1443: 30.265608 | L1443: 44057 | M1443: -0.29848474 | N1443: 19.417206 | O1443: 12.226541 | P1443: 26.597881 | Q1443: 0.36157197 | R1443: 30.265608

Sheet Sheet2
B2: 44976 | D2: 19ZI700 | E2: 19VI700 | F2: 19VI701 | G2: 19VI702 | H2: 19ZI701 | I2: 19VI703 | K2: 44976 | M2: 19ZI700 | N2: 19VI700 | O2: 19VI701 | P2: 19VI702 | Q2: 19ZI701 | R2: 19VI703
B3: 44977 | C3: {=_xll.PISampDat(Sheet2!$D$2,Sheet2!$B$2,Sheet2!$B$3,"1m",1,"")} -> 44976 | D3: -0.29916 | E3: {=_xll.PISampDat(Sheet2!$E$2,Sheet2!$B$2,Sheet2!$B$3,"1m",0,"")} -> 14.944845 | F3: {=_xll.PISampDat(Sheet2!$F$2,Sheet2!$B$2,Sheet2!$B$3,"1m",0,"")} -> 28.503736 | G3: {=_xll.PISampDat(Sheet2!$G$2,Sheet2!$B$2,Sheet2!$B$3,"1m",0,"")} -> 42.49675 | H3: {=_xll.PISampDat(Sheet2!$H$2,Sheet2!$B$2,Sheet2!$B$3,"1m",0,"")} -> 0.37809959 | I3: {=_xll.PISampDat(Sheet2!$I$2,Sheet2!$B$2,Sheet2!$B$3,"1m",0,"")} -> 27.519003 | K3: 44977 | L3: 44976 | M3: -0.29916 | N3: 14.944845 | O3: 28.503736 | P3: 42.49675 | Q3: 0.37809959 | R3: 27.519003
C4: 44976.001 | D4: -0.29916617 | E4: 14.945485 | F4: 28.503696 | G4: 42.497623 | H4: 0.37808385 | I4: 27.507887 | L4: 44976.001 | M4: -0.29916617 | N4: 14.945485 | O4: 28.503696 | P4: 42.497623 | Q4: 0.37808385 | R4: 27.507887
C5: 44976.001 | D5: -0.29917237 | E5: 14.946125 | F5: 28.503656 | G5: 42.498497 | H5: 0.37806812 | I5: 27.496773 | L5: 44976.001 | M5: -0.29917237 | N5: 14.946125 | O5: 28.503656 | P5: 42.498497 | Q5: 0.37806812 | R5: 27.496773
C6: 44976.002 | D6: -0.29917857 | E6: 14.946765 | F6: 28.503614 | G6: 42.499371 | H6: 0.37805235 | I6: 27.485657 | L6: 44976.002 | M6: -0.29917857 | N6: 14.946765 | O6: 28.503614 | P6: 42.499371 | Q6: 0.37805235 | R6: 27.485657
C7: 44976.003 | D7: -0.29918474 | E7: 14.947405 | F7: 28.503574 | G7: 42.500244 | H7: 0.37803662 | I7: 27.474541 | L7: 44976.003 | M7: -0.29918474 | N7: 14.947405 | O7: 28.503574 | P7: 42.500244 | Q7: 0.37803662 | R7: 27.474541
C8: 44976.003 | D8: -0.29919094 | E8: 14.948045 | F8: 28.503534 | G8: 42.501118 | H8: 0.37802088 | I8: 27.463425 | L8: 44976.003 | M8: -0.29919094 | N8: 14.948045 | O8: 28.503534 | P8: 42.501118 | Q8: 0.37802088 | R8: 27.463425
C9: 44976.004 | D9: -0.29919714 | E9: 14.948685 | F9: 28.503494 | G9: 42.501987 | H9: 0.37800512 | I9: 27.452309 | L9: 44976.004 | M9: -0.29919714 | N9: 14.948685 | O9: 28.503494 | P9: 42.501987 | Q9: 0.37800512 | R9: 27.452309
C10: 44976.005 | D10: -0.29920331 | E10: 14.949325 | F10: 28.503452 | G10: 42.502861 | H10: 0.37798938 | I10: 27.441195 | L10: 44976.005 | M10: -0.29920331 | N10: 14.949325 | O10: 28.503452 | P10: 42.502861 | Q10: 0.37798938 | R10: 27.441195
C11: 44976.006 | D11: -0.29920951 | E11: 14.949965 | F11: 28.503412 | G11: 42.503735 | H11: 0.37797362 | I11: 27.430079 | L11: 44976.006 | M11: -0.29920951 | N11: 14.949965 | O11: 28.503412 | P11: 42.503735 | Q11: 0.37797362 | R11: 27.430079
C12: 44976.006 | D12: -0.2992157 | E12: 14.950604 | F12: 28.503372 | G12: 42.504608 | H12: 0.37795788 | I12: 27.418962 | L12: 44976.006 | M12: -0.2992157 | N12: 14.950604 | O12: 28.503372 | P12: 42.504608 | Q12: 0.37795788 | R12: 27.418962
C13: 44976.007 | D13: -0.29922187 | E13: 14.951244 | F13: 28.503332 | G13: 42.505482 | H13: 0.37794214 | I13: 27.407846 | L13: 44976.007 | M13: -0.29922187 | N13: 14.951244 | O13: 28.503332 | P13: 42.505482 | Q13: 0.37794214 | R13: 27.407846
C14: 44976.008 | D14: -0.29922807 | E14: 14.951884 | F14: 28.503292 | G14: 42.506355 | H14: 0.37792638 | I14: 27.39673 | L14: 44976.008 | M14: -0.29922807 | N14: 14.951884 | O14: 28.503292 | P14: 42.506355 | Q14: 0.37792638 | R14: 27.39673
C15: 44976.008 | D15: -0.29923427 | E15: 14.952524 | F15: 28.50325 | G15: 42.507229 | H15: 0.37791064 | I15: 27.385616 | L15: 44976.008 | M15: -0.29923427 | N15: 14.952524 | O15: 28.50325 | P15: 42.507229 | Q15: 0.37791064 | R15: 27.385616
... C1443: 44977 | D1443: -0.30550885 | E1443: 15.188448 | F1443: 28.339363 | G1443: 42.973511 | H1443: 0.36837471 | I1443: 26.561968 | L1443: 44977 | M1443: -0.30550885 | N1443: 15.188448 | O1443: 28.339363 | P1443: 42.973511 | Q1443: 0.36837471 | R1443: 26.561968

Sheet Sheet3
A1: Time | B1: 19VI700 | C1: 19VI701 | D1: 19VI702 | E1: 19VI703 | I1: Time | J1: 19VI700 | K1: 19VI701 | L1: 19VI702 | M1: 19VI703
A2: 44056 | B2: 19.626547 | C2: 12.68497 | D2: 28.522749 | E2: 30.370327 | I2: 44976 | J2: 14.944845 | K2: 28.503736 | L2: 42.49675 | M2: 27.519003
A3: 44056.001 | B3: 19.626486 | C3: 12.684593 | D3: 28.526224 | E3: 30.027319 | I3: 44976.001 | J3: 14.945485 | K3: 28.503696 | L3: 42.497623 | M3: 27.507887
A4: 44056.001 | B4: 19.626427 | C4: 12.684216 | D4: 28.529697 | E4: 29.737408 | I4: 44976.001 | J4: 14.946125 | K4: 28.503656 | L4: 42.498497 | M4: 27.496773
A5: 44056.002 | B5: 19.626368 | C5: 12.68384 | D5: 28.533173 | E5: 29.88916 | I5: 44976.002 | J5: 14.946765 | K5: 28.503614 | L5: 42.499371 | M5: 27.485657
A6: 44056.003 | B6: 19.626308 | C6: 12.683463 | D6: 28.536646 | E6: 30.040911 | I6: 44976.003 | J6: 14.947405 | K6: 28.503574 | L6: 42.500244 | M6: 27.474541
A7: 44056.003 | B7: 19.626249 | C7: 12.683087 | D7: 28.540119 | E7: 30.192663 | I7: 44976.003 | J7: 14.948045 | K7: 28.503534 | L7: 42.501118 | M7: 27.463425
A8: 44056.004 | B8: 19.62619 | C8: 12.682711 | D8: 28.543594 | E8: 30.344414 | I8: 44976.004 | J8: 14.948685 | K8: 28.503494 | L8: 42.501987 | M8: 27.452309 | O8: Tanggal | P8: Sensor | Q8: Nilai Maks. | R8: Nilai Min. | S8: Rata-Rata
A9: 44056.005 | B9: 19.626131 | C9: 12.682334 | D9: 28.547068 | E9: 30.260622 | I9: 44976.005 | J9: 14.949325 | K9: 28.503452 | L9: 42.502861 | M9: 27.441195 | O9: 13/8/2020 | P9: 19VI700 | Q9: =MAX(B2:B1442) -> 19.951128 | R9: =MIN(B2:B1442) -> 19.417206 | S9: =AVERAGE(B2:B1442) -> 19.757918
A10: 44056.006 | B10: 19.626072 | C10: 12.681957 | D10: 28.550543 | E10: 30.024363 | I10: 44976.006 | J10: 14.949965 | K10: 28.503412 | L10: 42.503735 | M10: 27.430079 | P10: 19VI701 | Q10: =MAX(C2:C1442) -> 12.68497 | R10: =MIN(C2:C1442) -> 12.226541 | S10: =AVERAGE(C2:C1442) -> 12.554079
A11: 44056.006 | B11: 19.626013 | C11: 12.681581 | D11: 28.554016 | E11: 29.788101 | I11: 44976.006 | J11: 14.950604 | K11: 28.503372 | L11: 42.504608 | M11: 27.418962 | P11: 19VI702 | Q11: =MAX(D2:D1442) -> 31.498501 | R11: =MIN(D2:D1442) -> 26.597881 | S11: =AVERAGE(D2:D1442) -> 29.914366
A12: 44056.007 | B12: 19.625954 | C12: 12.681205 | D12: 28.557489 | E12: 29.763458 | I12: 44976.007 | J12: 14.951244 | K12: 28.503332 | L12: 42.505482 | M12: 27.407846 | P12: 19VI703 | Q12: =MAX(E2:E1442) -> 34.364735 | R12: =MIN(E2:E1442) -> 28.722572 | S12: =AVERAGE(E2:E1442) -> 31.457534 | U12: treshold min : -0.38, max : 0.38
A13: 44056.008 | B13: 19.625895 | C13: 12.680828 | D13: 28.560965 | E13: 30.007439 | I13: 44976.008 | J13: 14.951884 | K13: 28.503292 | L13: 42.506355 | M13: 27.39673 | O13: 19/2/2023 | P13: 19VI700 | Q13: =MAX(J2:J1442) -> 15.188448 | R13: =MIN(J2:J1442) -> 14.944845 | S13: =AVERAGE(J2:J1442) -> 15.106642
A14: 44056.008 | B14: 19.625835 | C14: 12.680451 | D14: 28.564438 | E14: 30.251421 | I14: 44976.008 | J14: 14.952524 | K14: 28.50325 | L14: 42.507229 | M14: 27.385616 | P14: 19VI701 | Q14: =MAX(K2:K1442) -> 28.551277 | R14: =MIN(K2:K1442) -> 28.339363 | S14: =AVERAGE(K2:K1442) -> 28.466775
A15: 44056.009 | B15: 19.625776 | C15: 12.680075 | D15: 28.567911 | E15: 30.495401 | I15: 44976.009 | J15: 14.953164 | K15: 28.50321 | L15: 42.508102 | M15: 27.3745 | P15: 19VI702 | Q15: =MAX(L2:L1442) -> 43.611053 | R15: =MIN(L2:L1442) -> 42.49675 | S15: =AVERAGE(L2:L1442) -> 43.054211
A16: 44056.01 | B16: 19.625717 | C16: 12.679698 | D16: 28.571386 | E16: 30.739382 | I16: 44976.01 | J16: 14.953804 | K16: 28.50317 | L16: 42.508976 | M16: 27.363384 | P16: 19VI703 | Q16: =MAX(M2:M1442) -> 27.519003 | R16: =MIN(M2:M1442) -> 25.122646 | S16: =AVERAGE(M2:M1442) -> 26.385817
A17: 44056.01 | B17: 19.625658 | C17: 12.679321 | D17: 28.57486 | E17: 30.983362 | I17: 44976.01 | J17: 14.954444 | K17: 28.50313 | L17: 42.50985 | M17: 27.352268
A18: 44056.011 | B18: 19.625599 | C18: 12.678946 | D18: 28.578335 | E18: 31.227343 | I18: 44976.011 | J18: 14.955084 | K18: 28.503088 | L18: 42.510723 | M18: 27.341152
A19: 44056.012 | B19: 19.62554 | C19: 12.678569 | D19: 28.581808 | E19: 31.471323 | I19: 44976.012 | J19: 14.955724 | K19: 28.503048 | L19: 42.511597 | M19: 27.330036
A20: 44056.012 | B20: 19.625481 | C20: 12.678192 | D20: 28.585281 | E20: 31.715305 | I20: 44976.012 | J20: 14.956364 | K20: 28.503008 | L20: 42.512466 | M20: 27.318922
A21: 44056.013 | B21: 19.625422 | C21: 12.677815 | D21: 28.588757 | E21: 31.959286 | I21: 44976.013 | J21: 14.957004 | K21: 28.502968 | L21: 42.51334 | M21: 27.307806
A22: 44056.014 | B22: 19.625362 | C22: 12.677439 | D22: 28.59223 | E22: 32.203266 | I22: 44976.014 | J22: 14.957644 | K22: 28.502926 | L22: 42.514214 | M22: 27.29669
A23: 44056.015 | B23: 19.625303 | C23: 12.677063 | D23: 28.595705 | E23: 32.447247 | I23: 44976.015 | J23: 14.958283 | K23: 28.502886 | L23: 42.515087 | M23: 27.285574
A24: 44056.015 | B24: 19.625244 | C24: 12.676686 | D24: 28.599178 | E24: 31.324677 | I24: 44976.015 | J24: 14.958923 | K24: 28.502846 | L24: 42.515961 | M24: 27.274458
A25: 44056.016 | B25: 19.625185 | C25: 12.67631 | D25: 28.602652 | E25: 30.115471 | I25: 44976.016 | J25: 14.959563 | K25: 28.502806 | L25: 42.516834 | M25: 27.263344
A26: 44056.017 | B26: 19.625126 | C26: 12.675933 | D26: 28.606127 | E26: 30.005655 | I26: 44976.017 | J26: 14.960202 | K26: 28.502766 | L26: 42.517708 | M26: 27.252228
A27: 44056.017 | B27: 19.625067 | C27: 12.675556 | D27: 28.6096 | E27: 29.965538 | I27: 44976.017 | J27: 14.960842 | K27: 28.502724 | L27: 42.518581 | M27: 27.241112
A28: 44056.018 | B28: 19.625008 | C28: 12.67518 | D28: 28.613075 | E28: 29.925419 | I28: 44976.018 | J28: 14.961482 | K28: 28.502684 | L28: 42.519455 | M28: 27.229996
... A1442: 44057 | B1442: 19.417206 | C1442: 12.226541 | D1442: 26.597881 | E1442: 30.265608 | I1442: 44977 | J1442: 15.188448 | K1442: 28.339363 | L1442: 42.973511 | M1442: 26.561968
